id,osm_node_id,latitude,longitude,speed_limit,camera_type,compass_direction,road_direction,source
1,245512452,41.2985735,69.2961222,60,speed_camera,,,openstreetmap
2,247311880,42.5998476,59.6689949,50,speed_camera,,,openstreetmap
3,295331633,40.3708845,71.4152016,55,speed_camera,S,Ayrilma,openstreetmap
4,296058674,40.9939598,71.6715032,70,speed_camera,,,openstreetmap
5,296103271,41.0074095,71.6163102,70,speed_camera,,,openstreetmap
6,304264131,41.3101792,69.2399783,50,speed_camera,SW,Радар-C,openstreetmap
7,304264511,41.3121131,69.2413673,60,speed_camera,,Радар-C,openstreetmap
8,332406535,41.5127171,69.653615,,speed_camera,,,openstreetmap
9,355228536,41.2757483,69.2058374,60,speed_camera,NE,Радар-C,openstreetmap
10,357168503,41.3214043,69.2425717,60,speed_camera,,,openstreetmap
11,357201548,41.3169042,69.2934506,60,speed_camera,,Радар-C,openstreetmap
12,357890290,41.3213953,69.2829238,60,speed_camera,,,openstreetmap
13,359036902,41.3217382,69.2810679,60,speed_camera,E,Радар-C,openstreetmap
14,359363938,41.3418618,69.3672396,60,speed_camera,,,openstreetmap
15,359503970,41.3101077,69.240137,50,speed_camera,SW,Радар-C,openstreetmap
16,359503971,41.3121101,69.2415676,60,speed_camera,N,Радар-C,openstreetmap
17,359933604,41.3543233,69.3721767,60,speed_camera,,,openstreetmap
18,361152124,41.3512319,69.2878937,60,speed_camera,,,openstreetmap
19,361157820,41.3512354,69.2876796,60,speed_camera,N,,openstreetmap
20,376518906,41.3455075,69.360746,60,speed_camera,,,openstreetmap
21,378054628,41.2558019,69.3204859,60,speed_camera,,,openstreetmap
22,956093811,41.2715941,69.2669748,60,speed_camera,SW,Радар-С,openstreetmap
23,975394851,40.0602802,64.547924,70,speed_camera,NE,,openstreetmap
24,975394938,40.0863305,64.6748255,60,speed_camera,W,,openstreetmap
25,982325859,41.2559,69.3204235,60,speed_camera,,,openstreetmap
26,982325874,41.2559013,69.320597,60,speed_camera,,,openstreetmap
27,1133630040,41.319514,69.4740614,,speed_camera,,радар,openstreetmap
28,1257622038,39.7488979,64.4241778,60,speed_camera,,,openstreetmap
29,1257622041,39.7485639,64.4238331,60,speed_camera,,,openstreetmap
30,1257622060,39.7491947,64.4236856,60,speed_camera,,,openstreetmap
31,1567574559,41.2661592,69.2475466,60,speed_camera,W,Радар-С,openstreetmap
32,1573954885,40.0233248,67.6154703,70,speed_camera,,АВТО РАДАР,openstreetmap
33,1640377076,41.3550443,69.2690665,50,speed_camera,,,openstreetmap
34,1657752610,40.8000586,68.6760477,70,speed_camera,N,Radar kamera,openstreetmap
35,1661946804,41.2524956,69.3860558,60,speed_camera,,,openstreetmap
36,1775070773,41.3073719,69.3011219,60,speed_camera,,,openstreetmap
37,1775070774,41.3074383,69.3015543,60,speed_camera,,,openstreetmap
38,1804753925,41.3598584,69.2781664,60,speed_camera,,,openstreetmap
39,1833182247,40.0669776,64.9002083,100,speed_camera,,,openstreetmap
40,1838256069,39.819347,64.4332749,70,speed_camera,N,Радар,openstreetmap
41,1838256071,39.8193813,64.4331562,70,speed_camera,S,Радар,openstreetmap
42,1849853146,40.730765,70.8315916,70,speed_camera,S,Радар-C,openstreetmap
43,1849853147,40.7334094,70.8304966,70,speed_camera,N,Радар-C,openstreetmap
44,1860757207,41.3281009,69.2832588,60,speed_camera,N,Камера,openstreetmap
45,1891563971,39.145077,66.1734322,70,speed_camera,,РАДАР,openstreetmap
46,1962681889,41.2966168,69.286322,60,speed_camera,,,openstreetmap
47,2050899808,40.9925461,71.6680659,70,speed_camera,,,openstreetmap
48,2114508867,40.2336734,68.8405667,70,speed_camera,N,,openstreetmap
49,2208475376,40.8547513,68.6648554,70,speed_camera,N,Радар-C,openstreetmap
50,2219644395,40.5020267,68.5375195,100,speed_camera,E,,openstreetmap
51,2246700075,40.7166475,64.8717275,100,speed_camera,,,openstreetmap
52,2255664341,39.9619051,65.9325937,70,speed_camera,E,Радар-C,openstreetmap
53,2255665350,40.1075949,65.5359856,70,speed_camera,,Радар,openstreetmap
54,2302816341,41.6166204,69.9149291,,speed_camera,,,openstreetmap
55,2371761247,39.9273283,66.2161403,70,speed_camera,,Радар,openstreetmap
56,2435297838,40.0742602,64.3263434,70,speed_camera,S,,openstreetmap
57,2689441968,40.9972663,71.5771511,70,speed_camera,,,openstreetmap
58,2689441969,40.9974087,71.5771847,70,speed_camera,,,openstreetmap
59,2798465977,41.3173851,69.2933432,60,speed_camera,,Радар-C,openstreetmap
60,4163106108,40.1254496,65.4675419,70,speed_camera,,,openstreetmap
61,4193528816,41.328072,69.2834477,60,speed_camera,S,Радар-C,openstreetmap
62,4215015057,41.2965331,69.2862082,60,speed_camera,,,openstreetmap
63,4341528324,41.3509516,69.2878319,60,speed_camera,S,,openstreetmap
64,4433678899,41.3336125,69.3026559,60,speed_camera,,,openstreetmap
65,4433678900,41.3336694,69.3034694,60,speed_camera,,,openstreetmap
66,4445359064,41.3670959,69.2849819,60,speed_camera,,,openstreetmap
67,4487287213,40.8742761,68.6690515,70,speed_camera,,,openstreetmap
68,4536303334,41.3347114,69.2794215,60,speed_camera,,,openstreetmap
69,4538540161,41.3658699,69.2861796,60,speed_camera,,,openstreetmap
70,4538540164,41.3131192,69.330759,60,speed_camera,,,openstreetmap
71,4557549456,41.2922331,69.280443,60,speed_camera,,,openstreetmap
72,4557549457,41.2921615,69.2803467,60,speed_camera,,,openstreetmap
73,4560283928,40.556451,68.745646,70,speed_camera,N,,openstreetmap
74,4560283929,40.5564709,68.7457661,70,speed_camera,S,,openstreetmap
75,4597355092,39.6588036,66.9448166,,speed_camera,,,openstreetmap
76,4597370589,39.655982,66.9561132,,speed_camera,,,openstreetmap
77,4623864315,41.3209034,69.3042355,60,speed_camera,,,openstreetmap
78,4623864316,41.32211,69.3033124,60,speed_camera,,,openstreetmap
79,4737536524,41.3667453,69.2859595,60,speed_camera,,,openstreetmap
80,4745853074,40.1475945,65.3528353,,speed_camera,,,openstreetmap
81,4772541956,41.2910272,69.2774204,60,speed_camera,,Нукусская - Авлиё ота,openstreetmap
82,4772543075,41.2910693,69.2774547,60,speed_camera,,Авлиё ота - Нукусская,openstreetmap
83,4776853545,41.2758214,69.2057154,60,speed_camera,SW,Радар-C,openstreetmap
84,4776853547,41.2851202,69.2538303,60,speed_camera,,,openstreetmap
85,4822122814,41.3204782,69.2888872,60,speed_camera,NW,,openstreetmap
86,4828235586,41.0024114,71.6771694,70,speed_camera,,,openstreetmap
87,4860661363,42.4323742,59.4987337,60,speed_camera,,,openstreetmap
88,5196594096,41.3210173,69.3042514,60,speed_camera,,,openstreetmap
89,5203014558,39.7703138,67.2700994,70,speed_camera,E,,openstreetmap
90,5225365111,39.7487821,64.4234446,60,speed_camera,,,openstreetmap
91,5298107819,41.3045729,69.3227101,60,speed_camera,,,openstreetmap
92,5431294496,41.0099405,68.8369616,70,speed_camera,SW,,openstreetmap
93,5459611668,41.2683942,69.234904,60,speed_camera,,,openstreetmap
94,5459611669,41.2685517,69.2347202,60,speed_camera,,,openstreetmap
95,5459611864,41.2544063,69.1970334,60,speed_camera,,,openstreetmap
96,5459614759,41.2591741,69.2225388,60,speed_camera,,,openstreetmap
97,5459614927,41.2593235,69.2224949,60,speed_camera,,,openstreetmap
98,5459622586,41.2684226,69.2339174,60,speed_camera,,,openstreetmap
99,5478868074,41.2010179,69.1081856,70,speed_camera,,,openstreetmap
100,5478868075,41.2009372,69.1082506,70,speed_camera,,,openstreetmap
101,5483238197,39.9411454,66.5460407,70,speed_camera,,Радар,openstreetmap
102,5483400305,39.9395775,66.3903365,70,speed_camera,,Радар,openstreetmap
103,5483400658,39.7658222,67.2593871,70,speed_camera,SW,,openstreetmap
104,5555041478,39.5817962,66.9007674,70,speed_camera,W,,openstreetmap
105,5555041675,39.7702019,67.2701303,70,speed_camera,W,,openstreetmap
106,5653987822,41.2285853,69.1488598,60,speed_camera,NE,,openstreetmap
107,5694074927,41.5525829,69.7588028,50,speed_camera,,радар,openstreetmap
108,5696814822,40.0202934,67.6126486,70,speed_camera,,Радар,openstreetmap
109,5746432091,39.7883235,67.314555,100,speed_camera,,Радар,openstreetmap
110,5773410854,41.3637976,69.1789417,60,speed_camera,,,openstreetmap
111,5773438353,41.3639238,69.1788858,60,speed_camera,,,openstreetmap
112,5804369828,40.7321014,68.6916939,70,speed_camera,N,Радар-C,openstreetmap
113,5804424421,41.0670248,68.9188019,70,speed_camera,SW,,openstreetmap
114,5804427837,41.1092733,68.9790333,70,speed_camera,SW,,openstreetmap
115,5804427838,41.1091916,68.9791293,70,speed_camera,NE,,openstreetmap
116,5804432352,41.2013794,69.1088727,70,speed_camera,NE,,openstreetmap
117,5804438435,41.2286562,69.1487559,60,speed_camera,SW,,openstreetmap
118,5819558761,41.6044277,69.8880183,,speed_camera,,РАДАР,openstreetmap
119,5819597856,41.5979361,69.8748128,70,speed_camera,,РАДАР,openstreetmap
120,5819597859,41.5978457,69.8748899,70,speed_camera,,РАДАР,openstreetmap
121,5819598955,41.4866243,69.6174477,,speed_camera,,РАДАР,openstreetmap
122,5825050450,41.5557241,69.6944281,70,speed_camera,,Товакса,openstreetmap
123,5825051771,41.5313563,69.6569902,70,speed_camera,,Аранчи пост ГАИ,openstreetmap
124,5828582041,41.5424424,69.6766638,70,speed_camera,,Радар,openstreetmap
125,5828582547,41.5424674,69.676578,70,speed_camera,,Радар,openstreetmap
126,5828595846,41.5634339,69.7138792,70,speed_camera,,Радар,openstreetmap
127,5828596289,41.5633803,69.7139563,70,speed_camera,,Радар,openstreetmap
128,5829403221,39.7268895,67.1420834,70,speed_camera,NE,Радар,openstreetmap
129,5829780622,40.0573057,64.8450644,70,speed_camera,E,Радар-М,openstreetmap
130,5830432611,41.3118477,69.2436378,60,speed_camera,E,,openstreetmap
131,5830831885,39.6578452,66.9477287,,speed_camera,,,openstreetmap
132,5832704507,40.7321178,68.691792,70,speed_camera,S,Радар-C,openstreetmap
133,5846759476,41.3075987,69.302137,60,speed_camera,SW,Радар-C,openstreetmap
134,5851064786,41.2745767,69.2695179,60,speed_camera,SW,,openstreetmap
135,5861032990,40.2920686,68.0620296,70,speed_camera,,,openstreetmap
136,5861032991,39.8022993,67.3471199,70,speed_camera,,Р А Д А Р,openstreetmap
137,5861042286,39.7444744,67.2017159,70,speed_camera,,Р А Д А Р,openstreetmap
138,5861042287,39.7394795,67.1841898,70,speed_camera,,Р А Д А Р,openstreetmap
139,5861135085,39.7268034,67.1421555,70,speed_camera,W,Р А Д А Р,openstreetmap
140,5875314230,41.2619722,69.2312713,60,speed_camera,,Радар,openstreetmap
141,5911790101,39.1356937,65.424431,100,speed_camera,NW,Радар-С,openstreetmap
142,5914044713,41.4857827,69.6170335,100,speed_camera,S,,openstreetmap
143,5914064389,41.5151389,69.6602407,100,speed_camera,,,openstreetmap
144,5923821369,37.4922834,67.1287662,100,speed_camera,SE,Радар-С,openstreetmap
145,5928547479,41.2340625,69.4022535,100,speed_camera,,Радар стационарный,openstreetmap
146,5951999098,39.739385,67.1842304,70,speed_camera,,Р А Д А Р,openstreetmap
147,5951999099,39.744578,67.2016543,70,speed_camera,,Р А Д А Р,openstreetmap
148,5951999100,39.8023788,67.3470497,70,speed_camera,,Р А Д А Р,openstreetmap
149,5951999101,40.2919987,68.0621305,70,speed_camera,,,openstreetmap
150,5951999102,41.5313116,69.6570405,70,speed_camera,,Аранчи пост ГАИ,openstreetmap
151,5951999103,40.0203776,67.6125321,70,speed_camera,,Радар,openstreetmap
152,5982616227,41.3177801,69.2768097,60,speed_camera,,,openstreetmap
153,6002848870,40.8484404,68.6668409,70,speed_camera,,,openstreetmap
154,6002849090,40.7695217,68.6826384,70,speed_camera,S,,openstreetmap
155,6002854748,40.3682824,68.1516563,110,speed_camera,NE,,openstreetmap
156,6002854749,40.368237,68.1517291,110,speed_camera,SW,,openstreetmap
157,6002857175,40.0983713,67.7935924,70,speed_camera,,,openstreetmap
158,6011616585,40.423433,71.7091995,70,speed_camera,,,openstreetmap
159,6011616586,40.4159418,71.7255685,70,speed_camera,,,openstreetmap
160,6014272285,40.4597691,71.7580566,70,speed_camera,,,openstreetmap
161,6016925396,41.3481702,69.2415576,60,speed_camera,,,openstreetmap
162,6018189383,41.3607645,69.2774182,60,speed_camera,NW,,openstreetmap
163,6019200799,41.3495544,69.2267122,60,speed_camera,,,openstreetmap
164,6057196001,40.4979108,68.7634568,60,speed_camera,N,,openstreetmap
165,6057210060,40.3938157,68.7925432,70,speed_camera,N,,openstreetmap
166,6081834633,40.0336838,67.6263588,70,speed_camera,,Kamera Radar,openstreetmap
167,6081834634,40.0337489,67.6262866,70,speed_camera,,Kamera Radar,openstreetmap
168,6081834637,39.9981661,67.5890052,70,speed_camera,,,openstreetmap
169,6081834638,39.9982618,67.5889007,70,speed_camera,,,openstreetmap
170,6081834639,39.9948008,67.5860607,70,speed_camera,,Video Radar,openstreetmap
171,6081834640,39.9949342,67.5860299,70,speed_camera,,Video Radar,openstreetmap
172,6088715642,40.2336056,68.8404327,70,speed_camera,S,,openstreetmap
173,6119429299,41.3543852,69.3123998,60,speed_camera,,,openstreetmap
174,6119429300,41.3575082,69.3072872,60,speed_camera,,,openstreetmap
175,6138652792,41.3604178,69.2789248,60,speed_camera,E,,openstreetmap
176,6138652822,41.3512399,69.2872716,60,speed_camera,W,,openstreetmap
177,6140951685,40.6469365,68.7178863,,speed_camera,,РАДАР,openstreetmap
178,6158409075,41.2502188,69.1827951,60,speed_camera,,,openstreetmap
179,6158409076,41.2494658,69.1818944,60,speed_camera,,,openstreetmap
180,6185342189,40.0957655,67.9121322,60,speed_camera,,,openstreetmap
181,6185342190,40.0540696,67.7071175,70,speed_camera,,РАДАР,openstreetmap
182,6185342191,39.9605426,67.5464617,70,speed_camera,,РАДАР,openstreetmap
183,6185342495,39.2126422,66.2431158,70,speed_camera,,РАДАР,openstreetmap
184,6185342586,39.728457,67.1474267,,speed_camera,,РАДАР,openstreetmap
185,6185391986,41.1454112,69.3181206,50,speed_camera,,,openstreetmap
186,6257352466,41.352048,69.2658486,60,speed_camera,,,openstreetmap
187,6257352467,41.3526824,69.2662586,60,speed_camera,,,openstreetmap
188,6260578576,41.202491,69.3329838,60,speed_camera,NE,,openstreetmap
189,6260578577,41.2014831,69.3318665,60,speed_camera,SW,,openstreetmap
190,6271668469,41.3560771,69.270042,50,speed_camera,,,openstreetmap
191,6289070314,40.8001018,68.6761617,70,speed_camera,SE,,openstreetmap
192,6289072622,40.7695039,68.6825321,70,speed_camera,N,,openstreetmap
193,6289083118,40.5807674,68.7384039,70,speed_camera,S,,openstreetmap
194,6289083119,40.5807398,68.7382527,70,speed_camera,N,,openstreetmap
195,6289087972,40.4979311,68.763587,60,speed_camera,S,,openstreetmap
196,6326941972,40.0907887,64.968529,100,speed_camera,E,,openstreetmap
197,6326956833,39.7707938,67.273178,70,speed_camera,E,,openstreetmap
198,6326956834,39.7709043,67.273127,70,speed_camera,W,,openstreetmap
199,6327711082,41.2525685,69.3861526,60,speed_camera,,,openstreetmap
200,6327717785,41.1522886,69.4263505,100,speed_camera,,,openstreetmap
201,6327717787,41.1206352,69.4418272,100,speed_camera,,,openstreetmap
202,6327717789,41.15491,69.4244273,70,speed_camera,,,openstreetmap
203,6327717791,41.1870405,69.4035503,100,speed_camera,,,openstreetmap
204,6341895455,39.7492252,64.4376024,60,speed_camera,,,openstreetmap
205,6341895456,39.7496764,64.4371672,60,speed_camera,,,openstreetmap
206,6341895457,39.7496166,64.4377777,60,speed_camera,,,openstreetmap
207,6341895458,39.7492913,64.4370979,60,speed_camera,,,openstreetmap
208,6354080424,41.304621,69.3245845,60,speed_camera,,,openstreetmap
209,6354231355,41.0777746,69.4719772,100,speed_camera,,,openstreetmap
210,6354850381,40.8748765,69.5918836,70,speed_camera,,,openstreetmap
211,6354852911,41.0280869,69.5070422,100,speed_camera,,,openstreetmap
212,6370125277,41.028295,69.5070384,100,speed_camera,,,openstreetmap
213,6379181753,40.5507604,68.4016095,70,speed_camera,,,openstreetmap
214,6379181754,40.5506272,68.4016536,70,speed_camera,,,openstreetmap
215,6379256611,41.0573696,61.9933685,70,speed_camera,E,,openstreetmap
216,6402318601,40.1849547,68.6858593,70,speed_camera,W,,openstreetmap
217,6402350414,39.9942726,68.4221147,70,speed_camera,SW,,openstreetmap
218,6412304891,41.2594565,69.4191279,70,speed_camera,,,openstreetmap
219,6412304905,41.2499353,69.4041991,60,speed_camera,,,openstreetmap
220,6468041951,42.9735787,59.8136389,50,speed_camera,,,openstreetmap
221,6468041952,42.9010866,59.774619,50,speed_camera,,,openstreetmap
222,6468041965,42.6700475,59.7259071,50,speed_camera,,,openstreetmap
223,6470690422,41.3544711,69.3125016,60,speed_camera,,,openstreetmap
224,6470697648,41.3576003,69.3073936,60,speed_camera,,,openstreetmap
225,6471173327,39.7813992,64.3897753,70,speed_camera,S,,openstreetmap
226,6471173328,39.7813589,64.3898964,70,speed_camera,N,,openstreetmap
227,6471744803,41.2268506,69.2199065,60,speed_camera,,,openstreetmap
228,6473648996,40.4023315,63.0896937,100,speed_camera,NW,Радар,openstreetmap
229,6473649003,40.2751716,63.2809412,100,speed_camera,S,Радар,openstreetmap
230,6498392578,41.3548975,69.3638012,60,speed_camera,,,openstreetmap
231,6498392581,41.354879,69.3621349,60,speed_camera,,,openstreetmap
232,6567200326,41.54772,60.6714588,70,speed_camera,,,openstreetmap
233,6568122400,40.5070583,68.7542709,60,speed_camera,W,,openstreetmap
234,6579679392,40.1004724,65.0018638,100,speed_camera,SW,,openstreetmap
235,6579702100,40.138147,65.2778912,70,speed_camera,W,Муляж,openstreetmap
236,6579702109,40.0278173,64.8113799,70,speed_camera,E,,openstreetmap
237,6579702119,40.0571913,64.792134,70,speed_camera,E,,openstreetmap
238,6621206972,40.0875655,68.1674137,70,speed_camera,E,Радар стационарный,openstreetmap
239,6627811196,40.1120445,65.0769629,100,speed_camera,SW,,openstreetmap
240,6642748786,40.2750618,63.2803801,100,speed_camera,,Радар бор,openstreetmap
241,6642748903,40.3008431,63.2627214,100,speed_camera,,Radar,openstreetmap
242,6652481563,42.5617797,59.6504647,50,speed_camera,,,openstreetmap
243,6658185993,40.3010541,63.2629362,100,speed_camera,,Radar,openstreetmap
244,6698950036,40.4885512,68.86887,50,speed_camera,E,,openstreetmap
245,6725435226,40.1147574,65.0977509,100,speed_camera,SW,Камера в спину,openstreetmap
246,6743908490,41.0073312,71.6164427,70,speed_camera,,,openstreetmap
247,6749032292,41.0026188,71.6775955,70,speed_camera,,,openstreetmap
248,6749032307,40.9938734,71.6716263,70,speed_camera,,,openstreetmap
249,6749047288,40.9926529,71.668107,70,speed_camera,,,openstreetmap
250,6759376344,41.0072205,71.6408291,70,speed_camera,,,openstreetmap
251,6759376351,41.0070789,71.6408868,70,speed_camera,,,openstreetmap
252,6759509783,41.0024609,71.6775981,70,speed_camera,,,openstreetmap
253,6785368023,40.8748458,69.5920206,70,speed_camera,,,openstreetmap
254,6855639416,41.3518605,69.252615,60,speed_camera,,,openstreetmap
255,6855787714,41.2730554,69.3623428,60,speed_camera,,,openstreetmap
256,6915392885,41.2442295,69.2754028,60,speed_camera,,,openstreetmap
257,6917473667,37.4922532,67.1286745,100,speed_camera,NW,Радар-С,openstreetmap
258,6917473741,37.3505095,67.1862164,70,speed_camera,S,Радар-С,openstreetmap
259,6917473742,37.3504839,67.1860769,70,speed_camera,N,Радар-С,openstreetmap
260,6917476021,40.0381645,65.6826462,70,speed_camera,W,,openstreetmap
261,6917476022,40.038088,65.6826197,70,speed_camera,E,,openstreetmap
262,6920368922,41.2349676,69.3383182,60,speed_camera,,,openstreetmap
263,6920368923,41.239663,69.3471314,60,speed_camera,,,openstreetmap
264,6948566362,41.3221059,69.2748295,50,speed_camera,,,openstreetmap
265,6968160486,40.1447452,65.3027655,70,speed_camera,E,,openstreetmap
266,6968160487,40.0539613,64.8723577,100,speed_camera,SW,,openstreetmap
267,7016246789,41.238793,69.2112708,60,speed_camera,,,openstreetmap
268,7030781624,40.0876504,68.1674244,70,speed_camera,E,Радар стационарный,openstreetmap
269,7038988424,41.3474895,69.3577528,60,speed_camera,,,openstreetmap
270,7055212265,41.2684633,69.233961,60,speed_camera,,,openstreetmap
271,7097424490,41.0468945,64.6109766,100,speed_camera,NW,,openstreetmap
272,7097424520,40.9673789,64.6827833,100,speed_camera,SE,,openstreetmap
273,7097424552,40.888618,64.7752284,100,speed_camera,NW,,openstreetmap
274,7124975973,40.0205012,64.5302166,70,speed_camera,NE,,openstreetmap
275,7124975974,40.0784736,64.5923473,70,speed_camera,W,,openstreetmap
276,7125011827,40.0274671,64.774021,70,speed_camera,E,,openstreetmap
277,7148424251,42.4861216,59.5756562,60,speed_camera,,,openstreetmap
278,7168216600,40.1476036,65.3452566,60,speed_camera,W,Камера муляж,openstreetmap
279,7181778540,40.5046424,68.772703,60,speed_camera,N,,openstreetmap
280,7184838733,41.2933745,69.2214426,60,speed_camera,,,openstreetmap
281,7208396276,40.1478526,65.3221577,60,speed_camera,W,,openstreetmap
282,7216745799,40.5154396,68.7879051,50,speed_camera,SW,,openstreetmap
283,7249485814,41.2791695,69.1983311,50,speed_camera,,,openstreetmap
284,7249485815,41.2791045,69.1984191,50,speed_camera,,,openstreetmap
285,7552056485,41.308428,69.4662017,,speed_camera,,,openstreetmap
286,7889899305,41.2524599,69.3045715,50,speed_camera,E,,openstreetmap
287,7904050711,37.2778401,67.3603361,70,speed_camera,SW,,openstreetmap
288,7929089787,38.9037089,65.8193929,70,speed_camera,SE,,openstreetmap
289,7929089788,38.9037697,65.8193084,70,speed_camera,SW,,openstreetmap
290,7984369295,41.2715917,69.4364272,70,speed_camera,,,openstreetmap
291,7984369296,41.2717199,69.4364299,70,speed_camera,,,openstreetmap
292,7984369302,41.2595243,69.4190309,70,speed_camera,,,openstreetmap
293,7984369304,41.4903505,69.619156,70,speed_camera,N,,openstreetmap
294,7984369311,41.6151954,69.9110105,50,speed_camera,,,openstreetmap
295,7984369312,41.6152763,69.9109683,,speed_camera,,,openstreetmap
296,8123299149,41.3149347,69.1932657,60,speed_camera,S,,openstreetmap
297,8123299150,41.3146416,69.193516,60,speed_camera,N,,openstreetmap
298,8252247639,40.4926162,68.7824569,60,speed_camera,E,,openstreetmap
299,8252316922,42.447679,59.6281535,50,speed_camera,NW,,openstreetmap
300,8264213925,42.8751588,59.7606424,70,speed_camera,,,openstreetmap
301,8264216837,42.3933952,59.6266241,30,speed_camera,N,,openstreetmap
302,8265655628,42.8213524,58.9912541,70,speed_camera,,,openstreetmap
303,8456731985,40.4875494,68.7627366,60,speed_camera,E,,openstreetmap
304,8494675919,38.84603,65.7967566,70,speed_camera,,,openstreetmap
305,8494675920,38.84556,65.7967673,70,speed_camera,,,openstreetmap
306,8519326668,40.6210237,72.2270256,70,speed_camera,,,openstreetmap
307,8519326669,40.5842362,72.180002,,speed_camera,,,openstreetmap
308,8519355196,40.6704558,72.2727767,70,speed_camera,,,openstreetmap
309,8676841197,40.1334492,65.3576275,60,speed_camera,S,,openstreetmap
310,8698981467,40.4815019,68.7766807,60,speed_camera,S,,openstreetmap
311,8816919017,41.463047,69.5662392,70,speed_camera,,,openstreetmap
312,8871611863,41.3096309,69.3356177,60,speed_camera,,,openstreetmap
313,8890707498,41.2847311,69.6925277,70,speed_camera,,,openstreetmap
314,8987823599,42.5247258,59.6195452,60,speed_camera,,,openstreetmap
315,9044617188,40.5071192,68.7542569,60,speed_camera,E,,openstreetmap
316,9067705710,41.30823,69.4661379,,speed_camera,,,openstreetmap
317,9162094286,42.9011102,59.7745304,50,speed_camera,,,openstreetmap
318,9168435688,40.5034079,68.5224042,100,speed_camera,,,openstreetmap
319,9270303653,40.8899887,68.6733821,70,speed_camera,S,,openstreetmap
320,9346805784,41.2895797,69.338795,60,speed_camera,,,openstreetmap
321,9346970473,41.3324722,69.3327417,60,speed_camera,,,openstreetmap
322,9346970474,41.332378,69.3329057,60,speed_camera,,,openstreetmap
323,9388858202,42.8250222,59.5201005,50,speed_camera,,,openstreetmap
324,9388892862,42.6143646,59.6826145,50,speed_camera,,,openstreetmap
325,9389375950,39.7389093,64.5421028,70,speed_camera,,,openstreetmap
326,9420772909,41.0652372,68.9162533,70,speed_camera,NE,,openstreetmap
327,9420978444,41.0857631,68.9455038,70,speed_camera,NE,,openstreetmap
328,9537185786,42.4042526,59.6314141,60,speed_camera,,,openstreetmap
329,9651332589,41.2489503,69.1806721,,speed_camera,,,openstreetmap
330,9715747330,39.9923009,67.5844167,70,speed_camera,SW,,openstreetmap
331,9724977491,41.4350995,69.5939893,,speed_camera,,,openstreetmap
332,9724977493,41.4347326,69.593841,,speed_camera,,,openstreetmap
333,9726303235,40.0820282,67.929494,110,speed_camera,NE,,openstreetmap
334,9726303236,40.081941,67.9295485,110,speed_camera,W,,openstreetmap
335,9729303887,40.2943968,68.0647023,110,speed_camera,NE,,openstreetmap
336,9729303888,40.2943182,68.0647824,110,speed_camera,SW,,openstreetmap
337,9738280738,40.5021301,68.5374516,100,speed_camera,E,,openstreetmap
338,9738280743,40.5259361,68.4477928,100,speed_camera,,,openstreetmap
339,9738280746,40.5258668,68.4477121,100,speed_camera,,,openstreetmap
340,9753810341,41.3322563,61.0431998,70,speed_camera,W,,openstreetmap
341,9753828296,41.3480905,60.8346806,70,speed_camera,E,,openstreetmap
342,9753828297,41.3480987,60.8346253,70,speed_camera,W,,openstreetmap
343,9753868592,41.3001233,61.1266179,70,speed_camera,SE,,openstreetmap
344,9753868593,41.3001417,61.1265669,70,speed_camera,NW,,openstreetmap
345,9753871588,41.2819251,61.2263326,70,speed_camera,W,,openstreetmap
346,9959616326,39.5950632,67.032608,,speed_camera,,,openstreetmap
347,9959616327,39.5950815,67.032459,,speed_camera,,,openstreetmap
348,10650424550,40.8547384,68.6649752,70,speed_camera,,,openstreetmap
349,10746504303,41.2501015,69.1829295,60,speed_camera,,,openstreetmap
350,10796540777,42.4543042,59.6227929,60,speed_camera,S,,openstreetmap
351,10873415509,42.4561782,59.5775354,70,speed_camera,NE,,openstreetmap
352,11292713950,39.6625329,68.4926933,30,speed_camera,NW,,openstreetmap
353,11353732259,42.4565937,59.6143448,60,speed_camera,E,,openstreetmap
354,11358290507,42.4497195,59.648199,60,speed_camera,NW,,openstreetmap
355,11410848692,41.3076936,69.302044,60,speed_camera,NE,Радар-C,openstreetmap
356,11472466350,42.4544713,59.6187295,60,speed_camera,S,,openstreetmap
357,11711276035,42.4746451,59.5788933,60,speed_camera,NW,,openstreetmap
358,11822679500,42.5232266,59.6130044,60,speed_camera,W,,openstreetmap
359,12067982177,41.6208183,60.5823314,,speed_camera,W,,openstreetmap
360,12119744433,40.6484469,72.2358124,,speed_camera,,,openstreetmap
361,12119744434,40.6589679,72.2427435,60,speed_camera,,,openstreetmap
362,12119744435,40.6590128,72.2430318,60,speed_camera,,,openstreetmap
363,12119744436,40.6594015,72.2432249,60,speed_camera,,,openstreetmap
364,12119744437,40.65955,72.2428289,60,speed_camera,,,openstreetmap
365,12119784632,40.6839369,72.2769405,70,speed_camera,,,openstreetmap
366,12320838028,39.8404548,66.8191593,70,speed_camera,SE,,openstreetmap
367,12320838029,39.8403857,66.8190807,70,speed_camera,NW,,openstreetmap
368,12471527122,40.1258273,65.3692825,60,speed_camera,,,openstreetmap
369,12471527123,40.1258182,65.3691856,60,speed_camera,,,openstreetmap
370,12638985321,42.3863531,59.6230163,60,speed_camera,,,openstreetmap
371,12647534242,42.4481886,59.5856388,60,speed_camera,N,,openstreetmap
372,12647534245,42.4238502,59.6020438,60,speed_camera,SW,,openstreetmap
373,12647534246,42.4380119,59.6283421,60,speed_camera,SE,,openstreetmap
374,12647534247,42.4381034,59.6284592,60,speed_camera,SE,,openstreetmap
375,12660018720,42.4905452,59.6023316,60,speed_camera,W,,openstreetmap
376,12712146223,42.4856562,59.6133039,60,speed_camera,N,,openstreetmap
377,12712146224,42.5163207,59.6043518,60,speed_camera,S,,openstreetmap
378,12712146225,42.508649,59.6057033,60,speed_camera,S,,openstreetmap
379,12712146227,42.4417321,59.5768367,60,speed_camera,SE,,openstreetmap
380,12712146228,42.4418048,59.5769226,60,speed_camera,SE,,openstreetmap
381,12716593041,42.4616623,59.5931688,60,speed_camera,S,,openstreetmap
382,12716593045,42.4520762,59.5855588,60,speed_camera,N,,openstreetmap
383,12723903158,42.4636635,59.6280768,60,speed_camera,SE,,openstreetmap
384,12731330446,42.4706027,59.5743359,60,speed_camera,N,,openstreetmap
385,12731440086,42.4813299,59.5752498,60,speed_camera,N,,openstreetmap
386,12731440087,42.4975858,59.5766085,60,speed_camera,N,,openstreetmap
387,12731440091,42.5753083,59.5597973,60,speed_camera,SE,,openstreetmap
388,12731440097,42.5961142,59.5425667,60,speed_camera,NW,,openstreetmap
389,12731479707,42.5174513,59.6041632,60,speed_camera,S,,openstreetmap
390,12739198809,42.4764201,59.6021334,60,speed_camera,NE,,openstreetmap
391,12750099925,42.9282696,59.7756844,60,speed_camera,SE,,openstreetmap
392,12751706417,42.9114012,59.7788273,60,speed_camera,N,,openstreetmap
393,12751706418,42.9113932,59.7789403,60,speed_camera,N,,openstreetmap
394,12751706429,42.5033682,59.5939329,60,speed_camera,N,,openstreetmap
395,12809683309,40.0361197,64.3297641,70,speed_camera,S,,openstreetmap
396,12813939481,40.048115,64.3286686,70,speed_camera,N,,openstreetmap
397,12869683999,41.2364208,69.2095904,60,speed_camera,,,openstreetmap
398,12873469700,40.0901607,64.6574593,60,speed_camera,E,,openstreetmap
399,12873472809,40.086437,64.6748334,60,speed_camera,E,,openstreetmap
400,12873490501,40.0900757,64.6574499,60,speed_camera,W,,openstreetmap
401,12992273311,40.133436,65.3574936,60,speed_camera,S,,openstreetmap
402,13040930681,41.3446589,69.2865611,60,speed_camera,S,,openstreetmap
403,13050654149,41.3855452,69.2131818,60,speed_camera,NE,works for both sides,openstreetmap
404,13050654150,41.3852855,69.2130378,60,speed_camera,SW,works for both sides,openstreetmap
405,13050654151,41.3981213,69.247067,60,speed_camera,E,,openstreetmap
406,13050654152,41.3980726,69.2470705,60,speed_camera,W,front of Ecobozor,openstreetmap
407,13050654153,41.3984148,69.2375381,60,speed_camera,E,,openstreetmap
408,13050654154,41.3983027,69.2377378,60,speed_camera,W,,openstreetmap
409,13141177549,41.2192807,69.1342123,80,speed_camera,,,openstreetmap
410,13141177550,41.2193434,69.1341384,80,speed_camera,,,openstreetmap
411,13141177551,41.241008,69.170339,50,speed_camera,,,openstreetmap
412,13141177552,41.2410866,69.1701888,50,speed_camera,,,openstreetmap
413,13172228061,41.3246386,69.4144383,60,speed_camera,,,openstreetmap
414,13172228062,41.3245345,69.4144752,60,speed_camera,,,openstreetmap
415,13228527899,41.2911922,69.2599121,,speed_camera,,,openstreetmap
416,13238292563,41.2388352,69.2111246,60,speed_camera,,,openstreetmap
417,13238292564,41.2365699,69.2095205,60,speed_camera,,,openstreetmap
418,13246609584,41.2985543,69.1941284,60,speed_camera,,,openstreetmap
419,13246609585,41.2981057,69.1938953,60,speed_camera,,,openstreetmap
420,13264652447,42.4240042,59.6520331,60,speed_camera,W,,openstreetmap
421,13264652448,42.4241187,59.6520399,60,speed_camera,W,,openstreetmap
422,13267665045,42.7855104,59.7405005,60,speed_camera,S,,openstreetmap
423,13414265554,41.2859651,69.2540899,60,speed_camera,,,openstreetmap
424,13414265725,41.2965264,69.2695162,60,speed_camera,,,openstreetmap
425,13451991983,41.1559291,69.4239219,70,speed_camera,,,openstreetmap
426,13512553193,40.8348475,64.8164003,100,speed_camera,N,,openstreetmap
427,13512553265,40.8051203,64.8330144,100,speed_camera,SE,,openstreetmap
428,13512553289,40.7610347,64.8575632,100,speed_camera,SE,,openstreetmap
429,13521156933,40.4894629,65.0253846,100,speed_camera,SE,,openstreetmap
430,13521156934,40.4686457,65.0364358,100,speed_camera,SE,,openstreetmap
431,13521156935,40.4460007,65.048512,100,speed_camera,SE,,openstreetmap
432,13521156936,40.3890098,65.0979084,100,speed_camera,SE,,openstreetmap
433,13521156948,40.2719509,65.1512937,60,speed_camera,,,openstreetmap
434,13521156949,40.2719284,65.1513842,60,speed_camera,,,openstreetmap
435,13521156950,40.2721974,65.1512128,60,speed_camera,,,openstreetmap
436,13521156955,40.221276,65.1895281,70,speed_camera,SE,,openstreetmap
437,13521156957,40.2212207,65.1894379,70,speed_camera,SE,,openstreetmap
438,13521156958,40.1885238,65.2494292,60,speed_camera,NW,,openstreetmap
439,13521156975,40.1689427,65.316935,100,speed_camera,,,openstreetmap
440,13521156976,40.1690169,65.3169567,100,speed_camera,,,openstreetmap
441,13521156977,40.1629292,65.3299605,70,speed_camera,NE,,openstreetmap
442,13521156978,40.1628858,65.3301036,70,speed_camera,NE,,openstreetmap
443,13521156979,40.1519256,65.3440111,50,speed_camera,,,openstreetmap
444,13521156980,40.117658,65.3734219,60,speed_camera,,,openstreetmap
445,13521156981,40.1176678,65.3735463,60,speed_camera,,,openstreetmap
446,13521156982,40.1143237,65.3751707,60,speed_camera,,,openstreetmap
447,13521156983,40.1143526,65.3752858,60,speed_camera,,,openstreetmap
448,13521156984,40.1104459,65.3771824,60,speed_camera,,,openstreetmap
449,13521156985,40.1104729,65.3773128,60,speed_camera,,,openstreetmap
450,13537582969,40.6468991,68.7177727,,speed_camera,,РАДАР,openstreetmap
451,13545382796,40.5362295,65.0004436,70,speed_camera,S,,openstreetmap
452,13545400904,40.5404337,64.9950648,70,speed_camera,NW,,openstreetmap
453,304747721,40.7873766,72.3509473,,alpr,,,openstreetmap
454,3036771723,40.138047,67.8222099,,traffic_camera,,,openstreetmap
455,3050336873,40.1383828,67.8227359,,traffic_camera,,,openstreetmap
456,4167811245,40.5069511,68.7573655,,alpr,E,,openstreetmap
457,4375850761,42.4651401,59.619412,,alpr,,,openstreetmap
458,4773332822,41.3255937,69.3245894,,traffic_camera,,,openstreetmap
459,4776853546,41.2853525,69.2535197,,traffic_camera,,,openstreetmap
460,4792739369,41.3163455,69.3162366,,alpr,,,openstreetmap
461,4792739370,41.3173916,69.3168501,,alpr,,,openstreetmap
462,4824929259,41.2925264,69.3564261,,alpr,,,openstreetmap
463,4824929261,41.2930956,69.3556038,,alpr,,,openstreetmap
464,4830011615,41.295057,69.2832408,,traffic_camera,,,openstreetmap
465,4838948663,42.4542683,59.6411432,,alpr,NE,,openstreetmap
466,5202617021,41.3247443,69.2547842,,traffic_camera,,,openstreetmap
467,5600580841,42.4457168,59.6310672,,alpr,NW,,openstreetmap
468,5600580843,42.4416218,59.6245664,,alpr,SW,,openstreetmap
469,5600580844,42.4415148,59.6238401,,alpr,,,openstreetmap
470,5763114453,42.4565252,59.5865348,,alpr,W,,openstreetmap
471,5832922297,41.2661887,69.2468584,,alpr,,,openstreetmap
472,5834960555,41.3167861,69.2804165,,alpr,,,openstreetmap
473,5846805169,41.3334837,69.3024122,,alpr,,,openstreetmap
474,5887513367,40.7682615,72.3623165,,alpr,,,openstreetmap
475,5887561077,40.7682585,72.3630957,,alpr,,,openstreetmap
476,5887571172,40.7689454,72.3623316,,alpr,,,openstreetmap
477,5887575849,40.7688352,72.3632808,,alpr,,,openstreetmap
478,5898527105,40.7872034,72.3497209,,alpr,,,openstreetmap
479,5898527107,40.7879122,72.3500994,,alpr,,,openstreetmap
480,5898527110,40.7869226,72.350549,,alpr,,,openstreetmap
481,5898527112,40.7614419,72.3502668,,alpr,,,openstreetmap
482,5898527115,40.7622984,72.3512497,,alpr,,,openstreetmap
483,5898527119,40.8099385,72.3326869,,alpr,,,openstreetmap
484,5898527120,40.8094891,72.3334958,,alpr,,,openstreetmap
485,5898527121,40.8098865,72.3340971,,alpr,,,openstreetmap
486,5898527123,40.8104281,72.3330861,,alpr,,,openstreetmap
487,5898527130,40.7833696,72.3462797,,alpr,,,openstreetmap
488,5898527132,40.7836844,72.3466448,,alpr,,,openstreetmap
489,5898527134,40.7833762,72.3470133,,alpr,,,openstreetmap
490,5898527136,40.7831218,72.3466537,,alpr,,,openstreetmap
491,5898527145,40.7833717,72.3314923,,alpr,,,openstreetmap
492,5898527146,40.7829471,72.3321419,,alpr,,,openstreetmap
493,5898527147,40.7833648,72.3325877,,alpr,,,openstreetmap
494,5898527148,40.783715,72.3321314,,alpr,,,openstreetmap
495,5935847140,41.3096368,69.2863961,,alpr,,,openstreetmap
496,6483774277,42.4543669,59.6418339,,alpr,NW,,openstreetmap
497,6483774278,42.4548748,59.6411247,,alpr,SE,,openstreetmap
498,6506517979,42.4568879,59.585897,,alpr,S,,openstreetmap
499,6506517980,42.456011,59.5858323,,alpr,N,,openstreetmap
500,6854801926,42.47449,59.6171974,,alpr,S,,openstreetmap
501,6854801927,42.4740994,59.6168509,,alpr,E,,openstreetmap
502,6854801928,42.4738128,59.617395,,alpr,N,,openstreetmap
503,6856900938,42.4562184,59.5850643,,alpr,E,,openstreetmap
504,6856900943,42.4648116,59.6164246,,alpr,,,openstreetmap
505,6856900944,42.4643161,59.6160371,,alpr,,,openstreetmap
506,6856900946,42.4645519,59.6154507,,alpr,,,openstreetmap
507,6856900947,42.4742131,59.6177608,,alpr,W,,openstreetmap
508,6856900949,42.4410914,59.6245955,,alpr,NW,,openstreetmap
509,6856900955,42.4549028,59.641768,,alpr,SW,,openstreetmap
510,6858402670,42.4656922,59.6196426,,alpr,,,openstreetmap
511,6858402671,42.4653246,59.6202383,,alpr,,,openstreetmap
512,6858402672,42.4648499,59.6198854,,alpr,,,openstreetmap
513,6879216454,42.458226,59.60591,,alpr,N,,openstreetmap
514,6879216456,42.4586484,59.6062917,,alpr,W,,openstreetmap
515,6917971450,42.4577854,59.6222788,,alpr,W,,openstreetmap
516,6917971451,42.4579171,59.6218821,,alpr,S,,openstreetmap
517,6917971452,42.4576925,59.6216296,,alpr,E,,openstreetmap
518,6917971453,42.4574496,59.6220083,,alpr,N,,openstreetmap
519,6968160485,40.1484672,65.3166946,,traffic_camera,,,openstreetmap
520,7028429829,40.1476512,65.3140317,,traffic_camera,,,openstreetmap
521,7028429833,40.1484139,65.3163598,,traffic_camera,,,openstreetmap
522,7127665150,43.7658291,59.0272368,,alpr,,,openstreetmap
523,7260466767,42.4650757,59.6158466,,alpr,,,openstreetmap
524,7714502122,42.4585117,59.6053504,,alpr,E,,openstreetmap
525,7714502128,42.4589334,59.6055426,,alpr,S,,openstreetmap
526,7749866181,42.441121,59.6237805,,alpr,NE,,openstreetmap
527,7749880670,42.4456023,59.6303976,,alpr,NE,,openstreetmap
528,7749880671,42.4456139,59.6304137,,alpr,NE,,openstreetmap
529,7749880674,42.4462229,59.6310021,50,alpr,SW,,openstreetmap
530,7783821897,42.4460881,59.6302912,,alpr,SE,,openstreetmap
531,7961220549,40.7832581,72.331492,,alpr,,,openstreetmap
532,7961220561,40.783277,72.3325901,,alpr,,,openstreetmap
533,7961220569,40.7832767,72.3462744,,alpr,,,openstreetmap
534,7961220573,40.7832818,72.3470206,,alpr,,,openstreetmap
535,7961271344,40.8094953,72.3333447,,alpr,,,openstreetmap
536,7961271371,40.7837106,72.3319736,,alpr,,,openstreetmap
537,7961271376,40.7829481,72.3319693,,alpr,,,openstreetmap
538,7961272556,40.8098335,72.3326612,,alpr,,,openstreetmap
539,7961272571,40.8097515,72.3340954,,alpr,,,openstreetmap
540,9834225650,42.4498268,59.614841,,alpr,NW,,openstreetmap
541,9834225651,42.4506071,59.6138093,,alpr,SE,,openstreetmap
542,9834225652,42.4499367,59.6138382,,alpr,NE,,openstreetmap
543,9846719302,42.4634148,59.604597,,alpr,S,,openstreetmap
544,9846719303,42.4626813,59.6049796,,alpr,N,,openstreetmap
545,9846719304,42.4631465,59.6052656,,alpr,W,,openstreetmap
546,9927551978,42.4513218,59.6367853,,alpr,SE,,openstreetmap
547,9927551979,42.4513981,59.6373664,,alpr,SW,,openstreetmap
548,9927551980,42.4507239,59.6366345,,alpr,NE,,openstreetmap
549,9927551981,42.4508199,59.6375111,,alpr,NW,,openstreetmap
550,10583874011,42.4788515,59.615977,,alpr,S,,openstreetmap
551,10583874012,42.4784897,59.6156503,,alpr,E,,openstreetmap
552,10583874013,42.4782908,59.616135,,alpr,N,,openstreetmap
553,10873412295,42.473569,59.6131959,,alpr,E,,openstreetmap
554,10873412296,42.4736716,59.6139024,,alpr,W,,openstreetmap
555,10873412297,42.4737936,59.6135077,,alpr,S,,openstreetmap
556,10873412298,42.4734283,59.6136137,,alpr,N,,openstreetmap
557,10873415556,42.4498747,59.566429,,alpr,SW,,openstreetmap
558,10873415557,42.4494981,59.566362,,alpr,NW,,openstreetmap
559,10873415558,42.449503,59.5657762,,alpr,NE,,openstreetmap
560,12047185155,41.3602921,60.5991638,,traffic_camera,,,openstreetmap
561,12073267227,41.3631988,60.6119357,,traffic_camera,,,openstreetmap
562,12079512103,41.3665805,60.5992706,,alpr,W,,openstreetmap
563,12079548924,41.3665852,60.5992722,,traffic_camera,,,openstreetmap
564,12107949784,41.3670572,60.5978933,,traffic_camera,,,openstreetmap
565,12373120885,41.5519802,60.6307688,,traffic_camera,,,openstreetmap
566,12644756413,40.4928347,68.7837251,,alpr,E,,openstreetmap
567,12644756414,40.4926468,68.7832801,,alpr,W,,openstreetmap
568,12644756415,40.4927529,68.7832374,,alpr,E,,openstreetmap
569,12644756416,40.4927278,68.7837587,,alpr,W,,openstreetmap
570,12644756417,40.4934184,68.7871137,,alpr,E,,openstreetmap
571,12644756418,40.4932429,68.7867492,,alpr,W,,openstreetmap
572,12644756419,40.4931615,68.7869606,,alpr,S,,openstreetmap
573,12644756420,40.4916271,68.7783862,,alpr,S,,openstreetmap
574,12644756421,40.4919768,68.7786338,,alpr,E,,openstreetmap
575,12644756422,40.4917646,68.7780381,,alpr,W,,openstreetmap
576,12644756423,40.4922172,68.7782084,,alpr,N,,openstreetmap
